parameter,unit,measurement_reference,measured_value,date,method,notes
wheelbase_m,m,뒤 차축 중심선에서 앞 차축 중심선까지,,,,
front_overhang_m,m,앞 차축 중심선에서 최전방 외곽까지,,,,
rear_overhang_m,m,뒤 차축 중심선에서 최후방 외곽까지,,,,
vehicle_width_m,m,타이어 포함 실제 최대 좌우 폭,,,,
lidar_x_m,m,뒤 차축 중앙에서 LiDAR 스캔 중심까지 +앞 방향,,,,
lidar_y_m,m,뒤 차축 중앙에서 LiDAR 스캔 중심까지 +왼쪽 방향,,,,
lidar_yaw_deg,deg,드라이버 회전 적용 후 0도 광선과 차량 +X의 차이,,,,
scan_angle_sign,+1/-1,각도 증가가 왼쪽이면 +1; 알려진 위치 표적으로 확인,,,,
visible_min_deg,deg,"차체 가림을 제외한 최우측 유효 방향, 차량 +X=0",,,,
visible_max_deg,deg,"차체 가림을 제외한 최좌측 유효 방향, 차량 +X=0",,,,
slot_depth_m,m,평행주차 경계에서 통행 측 경계까지 유효 폭,,,,
entry_lateral_m,m,진입 시작 뒤차축에서 주차 목표 뒤차축까지 횡방향 거리,,,,
entry_advance_m,m,공간 끝 검출 후 진입 시작 뒤차축 위치까지 전진거리,,,,
